,Unnamed: 0,Unnamed: 0.1,Unnamed: 0.1.1,학번,학과,전공,전공교수,rec014_nation_cd,과정,수료년도,수료학기,rec014_birth_dt,졸업년도,졸업학기,gpa,rec014_school_term,인건비총액,서류점수,면접점수,대학원출신,학생소속대학명_경영대학,학생소속대학명_공과대학,학생소속대학명_법과대학,학생소속대학명_보건과학대학,학생소속대학명_생명과학대학,학생소속대학명_심리학부,학생소속대학명_의과대학,학생소속대학명_이과대학,학생소속대학명_정경대학,학생소속대학명_정보대학,학생교육부계열_공학,학생교육부계열_인문·사회,학생교육부계열_자연과학,성별_1,성별_2,입학과정_외국인,입학과정_정원내신입학,입학과정_정원외-계약학과,입학과정_편입학석사(3학기),입학과정_편입학통합(4학기),입학과정_학연산협동과정,학적_졸업,학부출신_자교,학부출신_타교,졸업에걸린기간
0,0,0,28,AAFuoQg8VqL0bhyQcXazSyiD,경제학과,계량경제학전공,AAHWm3KrWZ5oxJSX8Qdd4FfT,KOR,석·박사통합과정,2019,1R,19811109,2020,1R,4.44,6,47000000,83.6,10,,0,0,0,0,0,0,0,0,1,0,0,1,0,1,0,0,1,0,0,0,0,1,0,1,8
1,1,1,65,AAESWBSt0iT844A5hptIbsRT,생명공학과,의약나노바이오시스템전공,AAEO7eR3iF66glPgIUiw8Cp7,KOR,석·박사통합과정,2019,2R,19900325,2020,1R,4.42,6,,45,46.1,,0,0,0,0,1,0,0,0,0,0,0,0,1,0,1,0,0,0,0,0,1,1,0,1,7
2,2,2,103,AAGbN0WO9yHl9Bk6GcgNB+fN,화학과,무기화학전공,AAEIBOJNWOLrJFF534LqW3Il,KOR,석·박사통합과정,2018,1R,19910201,2020,1R,4.36,6,74500000,42,50,,0,0,0,0,0,0,0,1,0,0,0,0,1,1,0,0,1,0,0,0,0,1,1,0,10
3,3,3,122,AAHAsJVv6TMImBEIos+p9QQl,전기전자공학과,반도체 및 나노전공,AAFAdiRzimzpkLB6/eFLLRaK,KOR,석·박사통합과정,2018,1R,19910210,2020,1R,4.19,6,,46.5,48.1,,0,1,0,0,0,0,0,0,0,0,1,0,0,0,1,0,0,0,0,0,1,1,0,1,10
4,4,4,154,AAG7ZKcblk0SWOi/ZRccZCTW,생명공학과,분자생체공학전공,AAGHKhtTRVM2izkG1lKId0XM,KOR,석·박사통합과정,2019,1R,19930904,2020,1R,4.33,6,69910000,40,49.6,,0,0,0,0,1,0,0,0,0,0,0,0,1,0,1,0,1,0,0,0,0,1,1,0,8
5,5,5,262,AAF46cQgBR3CIhu/r0U0yD2r,컴퓨터·전파통신공학과,컴퓨터학전공,AAHW/nJYEE7Q/Lg+jCWZCS2V,KOR,석·박사통합과정,2019,1R,19930413,2020,1R,4.32,6,50945000,46.5,46.7,,0,0,0,0,0,0,0,0,0,1,1,0,0,1,0,0,1,0,0,0,0,1,1,0,8
6,6,6,336,AAEiAunrnqSCyl67BuCtViIO,의과학과,의생명과학전공,AAGBU0/Z6RmwgLjNpm+x0e0R,KOR,석·박사통합과정,2020,1R,19910409,2020,1R,4.31,8,35650000,42.33,46.67,,0,0,0,0,0,0,1,0,0,0,0,0,1,0,1,0,1,0,0,0,0,1,0,1,8
7,7,7,338,AAFt2Ih4hbas8HWBH70ZK/Kx,전기전자공학과,반도체 및 나노전공,AAFAdiRzimzpkLB6/eFLLRaK,KOR,석·박사통합과정,2019,2R,19910930,2020,1R,4.17,7,,39.3,38.1,,0,1,0,0,0,0,0,0,0,0,1,0,0,1,0,0,1,0,0,0,0,1,0,1,8
8,8,8,346,AAEtXDclBtE4/D+7Bhaaar7p,전기전자공학과,반도체 및 나노전공,AAFAdiRzimzpkLB6/eFLLRaK,KOR,석·박사통합과정,2019,1R,19910810,2020,1R,4.44,6,61720638,45.9,42.9,,0,1,0,0,0,0,0,0,0,0,1,0,0,1,0,0,1,0,0,0,0,1,1,0,8
9,9,9,362,AAGWyGcFhDoNF1AhCrWmbNfJ,보건과학과,재활과학전공,AAExmaXh+bM09DJG7eJRPwz+,KOR,석·박사통합과정,2018,1R,19890802,2020,1R,4.16,6,38048987,41.2,41.2,,0,0,0,1,0,0,0,0,0,0,0,0,1,1,0,0,1,0,0,0,0,1,0,1,10
10,10,10,377,AAETdkBJMPq8RdEhU1hz1hCW,보건과학과,환경보건학전공,AAHq1aLSiveQarv1QuOmgge9,KOR,석·박사통합과정,2018,1R,19890301,2020,1R,4.31,6,136183404,47,46.2,,0,0,0,1,0,0,0,0,0,0,0,0,1,0,1,0,1,0,0,0,0,1,1,0,10
11,11,11,381,AAFQAXiJRLYV9jhshEfBthoi,마이크로/나노시스템협동과정,마이크로/나노시스템협동과정전공,AAFAdiRzimzpkLB6/eFLLRaK,KOR,석·박사통합과정,2018,1R,19900817,2020,1R,4.06,6,77936000,42,43,,0,1,0,0,0,0,0,0,0,0,1,0,0,1,0,0,1,0,0,0,0,1,1,0,10
12,12,12,403,AAFRGdJwIVydeCaCnzjeI8wp,신소재공학과,신소재공학전공,AAFi4juzPESAU71QzFVv2xel,KOR,석·박사통합과정,2018,1R,19911029,2020,1R,4.39,6,114520000,57,38,,0,1,0,0,0,0,0,0,0,0,1,0,0,0,1,0,1,0,0,0,0,1,1,0,10
13,13,13,786,AAF6OkhXqfriyj6es1UnpDTU,신소재공학과,신소재공학전공,AAG/JVT6xluE6DbNm+mre8iq,KOR,석·박사통합과정,2016,2R,19820301,2017,1R,4.14,6,,49,39,,0,1,0,0,0,0,0,0,0,0,1,0,0,1,0,0,0,0,0,1,0,1,0,1,7
14,14,14,2336,AAERPnDIXeS0PahOUMQZu+xX,화공생명공학과,화공생명공학전공,AAHgUVNRwv/2JnLflHfEFa8n,KOR,석·박사통합과정,2018,1R,19920824,2019,1R,4,6,68509388,50,33.5,,0,1,0,0,0,0,0,0,0,0,1,0,0,1,0,0,1,0,0,0,0,1,1,0,8
15,15,15,2386,AAE8oJMfQOuZeq331sVjGA2A,의과학과,의생명과학전공,AAFyo3p3/9xGKpqfbRvY3Cnc,KOR,석·박사통합과정,2018,1R,19890930,2019,1R,4.08,6,23760000,39.7,41.3,,0,0,0,0,0,0,1,0,0,0,0,0,1,1,0,0,1,0,0,0,0,1,0,1,8
16,16,16,2408,AAFNvUe0kLmgAf9Men/DupBq,신소재공학과,신소재공학전공,AAG/JVT6xluE6DbNm+mre8iq,KOR,석·박사통합과정,2017,1R,19881113,2019,1R,4.42,6,,49,49,타교,0,1,0,0,0,0,0,0,0,0,1,0,0,1,0,0,0,0,1,0,0,1,0,1,10
17,17,17,2422,AAFe3WimdzecPDdYw9kO0keL,의과학과,의생명과학전공,AAGkVBKBzv2aeOZzyQKVclmV,KOR,석·박사통합과정,2018,1R,19890630,2019,1R,4.18,6,75737200,35.6,39.6,,0,0,0,0,0,0,1,0,0,0,0,0,1,1,0,0,1,0,0,0,0,1,0,1,8
18,18,18,2437,AAHgfhnMou2UKxaRoAgWXmQC,의과학과,의생명과학전공,AAGBU0/Z6RmwgLjNpm+x0e0R,KOR,석·박사통합과정,2018,1R,19920715,2019,1R,4.11,6,41830000,41,44.7,,0,0,0,0,0,0,1,0,0,0,0,0,1,0,1,0,1,0,0,0,0,1,0,1,8
19,19,19,2441,AAHeAJT8IYE9tghE5xR1Fp0j,나노반도체공학과,나노반도체재료및소자전공,AAFOnXyI9jipyy9a/FKtt3pd,KOR,석·박사통합과정,2018,1R,19900805,2020,1R,4.36,6,40226000,48,45,,0,1,0,0,0,0,0,0,0,0,1,0,0,1,0,0,0,1,0,0,0,1,1,0,10
20,20,20,2565,AAHhbsVjIe6Ui1lDAHMXH7ku,전기전자공학과,반도체 및 나노전공,AAFAdiRzimzpkLB6/eFLLRaK,KOR,석·박사통합과정,2018,1R,19900508,2019,1R,4.25,6,,44.5,43.9,,0,1,0,0,0,0,0,0,0,0,1,0,0,1,0,0,1,0,0,0,0,1,0,1,8
21,21,21,2704,AAHknR4lR4XgWKk9K+18R7sv,보건과학과,치의기공학전공,AAGC3gcuN8Uq3ar2WyQ3GHyR,KOR,석·박사통합과정,2018,2R,19911018,2018,2R,4.08,6,,42.2,41.6,,0,0,0,1,0,0,0,0,0,0,0,0,1,0,1,0,1,0,0,0,0,1,0,1,6
22,22,22,2899,AAEU2Bkrnr9uXJ/msVlBPfnr,보건과학과,치의기공학전공,AAEy0Hc2OmGBaWLjj4QHno00,KOR,석·박사통합과정,2019,1R,19901127,2019,1R,4.19,6,26619160,42,47,,0,0,0,1,0,0,0,0,0,0,0,0,1,1,0,0,1,0,0,0,0,1,0,1,6
23,23,23,2977,AAGLQjW9tK7XA9OBA+UOwYuA,법학과,상법전공,AAGy0qCzwwAtJbn7rcwu3s9c,KOR,석·박사통합과정,2018,1R,19880726,2019,1R,4.48,6,7525000,36.7,53,타교,0,0,1,0,0,0,0,0,0,0,0,1,0,0,1,0,1,0,0,0,0,1,0,1,8
24,24,24,3169,AAGTW1Qwphzw3bxehIv24tpb,IT융합학과,IT융합전공,AAEjhMsY958qKCUYKbgm7g0N,KOR,석·박사통합과정,2018,1R,19890401,2020,1R,4.28,6,98320000,47.33,46,,0,1,0,0,0,0,0,0,0,0,1,0,0,1,0,0,0,1,0,0,0,1,1,0,10
25,25,25,3246,AAEu5d6Sjc3CDvBijOKhFSRB,전기전자공학과,컴퓨터공학전공,AAG1z8MOPsG4V/wTjh0NmDLJ,KOR,석·박사통합과정,2018,1R,19911024,2020,1R,4.19,6,118313449,41.8,41.7,,0,1,0,0,0,0,0,0,0,0,1,0,0,1,0,0,1,0,0,0,0,1,1,0,10
26,26,26,3326,AAGlDaAMgMUlvSmWfxX9QwrO,의과학과,의생명과학전공,AAGTZA9ZLvG4wSpgip+nEQ/A,KOR,석·박사통합과정,2018,1R,19890823,2019,2R,4.13,6,54040000,40.6,38.6,,0,0,0,0,0,0,1,0,0,0,0,0,1,1,0,0,1,0,0,0,0,1,0,1,9
27,27,27,3327,AAHEb4TbhR6zEOeFqr/H4ceq,건축사회환경공학과,사회인프라전공,AAG/k5m8JyuxBPC7I/vkq0VW,KOR,석·박사통합과정,2018,1R,19881120,2019,2R,4.08,6,126071418,49.33,46.33,,0,1,0,0,0,0,0,0,0,0,1,0,0,1,0,0,1,0,0,0,0,1,1,0,9
28,28,28,3351,AAF66KUmohufBRje1z1TawWp,의과학과,의생명과학전공,AAE7JuCc+UnkjcqjezUMl8Fl,KOR,석·박사통합과정,2018,2R,19920123,2019,2R,4.28,6,81488900,44.33,47.67,,0,0,0,0,0,0,1,0,0,0,0,0,1,0,1,0,1,0,0,0,0,1,0,1,8
29,29,29,3361,AAEM2MZf9CZXqViVLfFd5tqi,건축사회환경공학과,사회인프라전공,AAG/k5m8JyuxBPC7I/vkq0VW,KOR,석·박사통합과정,2018,1R,19911226,2019,2R,4.18,6,126071418,49,48.67,,0,1,0,0,0,0,0,0,0,0,1,0,0,1,0,0,1,0,0,0,0,1,0,1,9
30,30,30,3367,AAHNVJ+MXcnQQcT8TF+NPk+r,컴퓨터·전파통신공학과,컴퓨터학전공,AAGfQMD7WlQeXOGRedxFV7M9,KOR,석·박사통합과정,2019,1R,19920318,2019,2R,4.5,6,69870000,45.7,45.8,,0,0,0,0,0,0,0,0,0,1,1,0,0,1,0,0,1,0,0,0,0,1,1,0,7
31,31,31,3463,AAHQa0uwrQxP8F3w5nhfjZ8T,마이크로/나노시스템협동과정,마이크로/나노시스템협동과정전공,AAFAdiRzimzpkLB6/eFLLRaK,KOR,석·박사통합과정,2018,1R,19911009,2019,2R,4.17,6,49600000,42,44,,0,1,0,0,0,0,0,0,0,0,1,0,0,0,1,0,1,0,0,0,0,1,0,1,9
32,32,32,3494,AAFvKFSvOzgxd8HilfNrfNJi,신소재공학과,신소재공학전공,AAFgFJdHtItomDhzhC+rjvBq,KOR,석·박사통합과정,2018,1R,19900806,2019,2R,4.44,6,88800000,53,34,,0,1,0,0,0,0,0,0,0,0,1,0,0,1,0,0,1,0,0,0,0,1,1,0,9
33,33,33,3519,AAHtUVFcVX2v0XDLmYckzHPn,의생명융합과학과,식품영양과학전공,AAHOgh7Z0ib2HpfnDBf/HS+s,KOR,석·박사통합과정,2019,1R,19630421,2019,1R,4.19,7,,31,50,,0,0,0,1,0,0,0,0,0,0,0,0,1,1,0,0,1,0,0,0,0,1,0,1,7
34,34,34,3581,AAGLsSAx33Jh5fFx0KoOQNC+,전기전자공학과,반도체 및 나노전공,AAFAdiRzimzpkLB6/eFLLRaK,KOR,석·박사통합과정,2018,1R,19880711,2020,2R,4.36,6,,43.1,42.2,,0,1,0,0,0,0,0,0,0,0,1,0,0,0,1,0,1,0,0,0,0,1,0,1,11
35,35,35,3582,AAFcGOnXW65AvsjvEH4jILA5,산업경영공학과,산업경영공학전공,AAGtJM3euCvvqb5hTFq1uzz2,KOR,석·박사통합과정,2018,1R,19880702,2020,2R,4.19,6,26100000,40,45.33,,0,1,0,0,0,0,0,0,0,0,1,0,0,1,0,0,1,0,0,0,0,1,0,1,11
36,36,36,3592,AAEeDTrdMcG9B5NMmYDsKsUB,신소재공학과,신소재공학전공,AAFOnXyI9jipyy9a/FKtt3pd,KOR,석·박사통합과정,2018,1R,19901204,2020,2R,4.25,6,114916000,54,34,,0,1,0,0,0,0,0,0,0,0,1,0,0,1,0,0,1,0,0,0,0,1,1,0,11
37,37,37,3594,AAEw2H469LtDx41ZmBXTPuso,신소재공학과,신소재공학전공,AAEg0pRgP/AA4MDAFJDKct5i,KOR,석·박사통합과정,2018,2R,19930226,2020,2R,4.17,7,77855230,51,33,,0,1,0,0,0,0,0,0,0,0,1,0,0,1,0,0,1,0,0,0,0,1,1,0,11
38,38,38,3600,AAE/EBpLglRa+rAhzmC6cAbw,뇌공학과,뇌공학전공,AAHVeEwwCzh2IWwZCkFyVnfp,KOR,석·박사통합과정,2018,2R,19900910,2020,2R,4.17,6,81133850,49,48,,0,0,0,0,0,0,0,0,0,1,1,0,0,1,0,0,1,0,0,0,0,1,1,0,10
39,39,39,3605,AAHzBt8dSspEc3DDdcUj4BtX,생명공학과,시스템식품생명공학전공,AAHECUxqFpXUf9CGdHkhqPtY,KOR,석·박사통합과정,2019,2R,19930702,2020,2R,4.25,6,57537455,49,47.3,,0,0,0,0,1,0,0,0,0,0,0,0,1,0,1,0,1,0,0,0,0,1,0,1,8
40,40,40,3607,AAHha9SQIFK3yVXExmGhbegi,건축사회환경공학과,지진방재전공,AAGCqxpkl1TslVbWwzL7IA5K,KOR,석·박사통합과정,2019,1R,19920907,2020,2R,4.11,8,130397000,48.33,44,,0,1,0,0,0,0,0,0,0,0,1,0,0,1,0,0,1,0,0,0,0,1,1,0,11
41,41,41,3615,AAFrTvPAMV8egno5nD3DOY4u,경제학과,거시경제학전공,AAGX/gnQ4XBmPgRWSmGyKe3U,KOR,석·박사통합과정,2018,2R,19781111,2020,2R,4.03,6,37973333,76.6,8,,0,0,0,0,0,0,0,0,1,0,0,1,0,1,0,0,1,0,0,0,0,1,1,0,10
42,42,42,3617,AAHefLQxIhdVG944neYPibsX,컴퓨터·전파통신공학과,컴퓨터학전공,AAGfQMD7WlQeXOGRedxFV7M9,KOR,석·박사통합과정,2019,2R,19940328,2020,2R,4.44,7,105000000,46,46.4,,0,0,0,0,0,0,0,0,0,1,1,0,0,1,0,0,1,0,0,0,0,1,1,0,9
43,43,43,3656,AAELoYcUWn3807qaa7HmtpTL,경영학과,MIS전공,AAHdEPbishnEfuq3vMq50URD,KOR,석·박사통합과정,2018,1R,19900313,2020,2R,4.07,6,26800000,38,60,,1,0,0,0,0,0,0,0,0,0,0,1,0,1,0,0,1,0,0,0,0,1,0,1,11
44,44,44,3681,AAFIQbnNf17prLjF6uxtZXvk,화학과,물리화학전공,AAH3+a/wq2RuQ78l5P1wfym4,KOR,석·박사통합과정,2019,1R,19901205,2020,2R,4.31,8,84270000,41,43,,0,0,0,0,0,0,0,1,0,0,0,0,1,1,0,0,1,0,0,0,0,1,0,1,11
45,45,45,3692,AAGk6rVTd0fn//xQWqKADxd5,수학과,위상수학전공,AAFpxck85PXuCaF51bEq3Zax,KOR,석·박사통합과정,2018,2R,19880727,2020,2R,4.34,6,81760000,45,43,,0,0,0,0,0,0,0,1,0,0,0,0,1,1,0,0,1,0,0,0,0,1,0,1,10
46,46,46,3715,AAFiyJAgOgU6netJXq6Q9G2O,보건과학과,치의기공학전공,AAGC3gcuN8Uq3ar2WyQ3GHyR,KOR,석·박사통합과정,2020,1R,19840115,2020,2R,4.22,6,18000000,47.7,48.8,,0,0,0,1,0,0,0,0,0,0,0,0,1,1,0,0,1,0,0,0,0,1,0,1,7
47,47,47,3734,AAEbh4oMs0APcj8fxTklkDKu,생명공학과,시스템식품생명공학전공,AAEPSSGkQfBmBgUm/513k0AV,KOR,석·박사통합과정,2019,1R,19910224,2020,2R,4.06,6,71976666,50,44.03,,0,0,0,0,1,0,0,0,0,0,0,0,1,1,0,0,1,0,0,0,0,1,0,1,9
48,48,48,3741,AAGlVhFZppDTfmLa23Kf4hBE,생명공학과,분자생체공학전공,AAGHKhtTRVM2izkG1lKId0XM,KOR,석·박사통합과정,2019,1R,19930506,2020,2R,4.12,6,85881281,50,45.08,,0,0,0,0,1,0,0,0,0,0,0,0,1,1,0,0,1,0,0,0,0,1,1,0,9
49,49,49,3762,AAEOX1bgJb8ItVqr6yT0R7un,전기전자공학과,전기에너지,AAFa0n41YacK09cpuBFoETAk,KOR,석·박사통합과정,2018,1R,19920502,2020,2R,4.33,6,184257560,40.2,41.1,,0,1,0,0,0,0,0,0,0,0,1,0,0,1,0,0,1,0,0,0,0,1,0,1,11
50,50,50,3775,AAFUHz0XAOX0pJEAm09XF/mi,생명공학과,시스템식품생명공학전공,AAEF8BUKq4sC/VszAqT1FPFN,KOR,석·박사통합과정,2019,1R,19900715,2020,2R,4.44,6,68226560,48,49.1,,0,0,0,0,1,0,0,0,0,0,0,0,1,0,1,0,1,0,0,0,0,1,1,0,9
51,51,51,3776,AAEskKU/y7o2kNe0SCEJfilu,기계공학과,기계공학전공,AAG9vgWMRYHtNalVfeopzK5v,KOR,석·박사통합과정,2019,1R,19911120,2020,2R,4.36,6,150801400,48.8,49,,0,1,0,0,0,0,0,0,0,0,1,0,0,1,0,0,1,0,0,0,0,1,1,0,9
52,52,52,3838,AAFFh5WTdfWv4NAO3UIZF6p8,전기전자공학과,반도체 및 나노전공,AAFukyr7xBbs8UJxDmTihFIk,KOR,석·박사통합과정,2019,1R,19920313,2020,2R,4.42,6,122670704,46.1,43.3,,0,1,0,0,0,0,0,0,0,0,1,0,0,1,0,0,1,0,0,0,0,1,1,0,9
53,53,53,3844,AAF86sWLCi1Wt+F4hl1I0Qj4,전기전자공학과,반도체 및 나노전공,AAFAdiRzimzpkLB6/eFLLRaK,KOR,석·박사통합과정,2019,1R,19930517,2020,2R,4.28,6,69159790,39.4,38.7,,0,1,0,0,0,0,0,0,0,0,1,0,0,1,0,0,1,0,0,0,0,1,1,0,9
54,54,54,3865,AAGsb2pxE2CaKvBUudfSxTuo,화공생명공학과,화공생명공학전공,AAFT5aAQWoSTjHQ9sbU7sw8f,KOR,석·박사통합과정,2018,1R,19900705,2020,2R,4.26,6,82386262,56,39.5,,0,1,0,0,0,0,0,0,0,0,1,0,0,1,0,0,1,0,0,0,0,1,1,0,11
55,55,55,3868,AAGaGypJ/B3wPnIXT5/6+JTO,컴퓨터학과,소프트웨어전공,AAGoCHZwiePFcGa9VMEqyZO9,KOR,석·박사통합과정,2018,1R,19920318,2020,2R,4.1,6,87047639,50,43.02,,0,0,0,0,0,0,0,0,0,1,1,0,0,1,0,0,1,0,0,0,0,1,1,0,11
56,56,56,3869,AAE6oZ0oEsT8IoX032pDZR8O,컴퓨터학과,소프트웨어전공,AAHlCxUQwggid/3SmpgwUN2W,KOR,석·박사통합과정,2018,1R,19870826,2020,2R,4.37,6,130780000,50,44.01,,0,0,0,0,0,0,0,0,0,1,1,0,0,1,0,0,1,0,0,0,0,1,1,0,11
57,57,57,3871,AAGL7mxynqRSov6RyVuv1wZs,컴퓨터·전파통신공학과,전파통신공학전공,AAGx+syfEJz2i7IEqqI92pvU,KOR,석·박사통합과정,2018,1R,19890515,2020,2R,4.36,6,85671119,50,45.31,,0,0,0,0,0,0,0,0,0,1,1,0,0,1,0,0,1,0,0,0,0,1,1,0,11
58,58,58,3872,AAGpRlmKXVzgqCS7LiRkV0ii,컴퓨터·전파통신공학과,전파통신공학전공,AAFm+ycQI37BYnjpvqFrwA7U,KOR,석·박사통합과정,2018,1R,19900909,2020,2R,4.04,6,137748935,50,39.9,,0,0,0,0,0,0,0,0,0,1,1,0,0,1,0,0,1,0,0,0,0,1,1,0,11
59,59,59,3894,AAFE66tTbB3+8OIjQEB3m5SU,컴퓨터·전파통신공학과,컴퓨터학전공,AAGfQMD7WlQeXOGRedxFV7M9,KOR,석·박사통합과정,2018,2R,19930202,2020,2R,4.42,6,97655000,50,32,,0,0,0,0,0,0,0,0,0,1,1,0,0,1,0,0,1,0,0,0,0,1,1,0,10
60,60,60,3904,AAFpjRipohggkO5fsZlAOA1B,환경생태공학과,환경계획및조경학전공,AAGIv80OQ/hZbpSix5nrdVb2,KOR,석·박사통합과정,2019,1R,19920610,2020,2R,4.33,7,99496390,47.67,48.33,,0,0,0,0,1,0,0,0,0,0,0,0,1,0,1,0,1,0,0,0,0,1,1,0,10
61,61,61,3915,AAGCiFTe9gAat9vOL71f/U8P,환경생태공학과,환경계획및조경학전공,AAGOspWKpjwv00sPBrh+ZRe+,KOR,석·박사통합과정,2019,2R,19900711,2020,2R,4.29,7,119877223,48.33,48.67,,0,0,0,0,1,0,0,0,0,0,0,0,1,0,1,0,1,0,0,0,0,1,1,0,9
62,62,62,3941,AAHuD3oQ3cs9tQiMFSKzxdiD,기계공학과,기계공학전공,AAFCjzX9qe0W7xkpRbHTLFPT,KOR,석·박사통합과정,2018,1R,19911016,2020,2R,4.11,6,60696000,46.8,47,,0,1,0,0,0,0,0,0,0,0,1,0,0,1,0,0,1,0,0,0,0,1,1,0,11
63,63,63,3974,AAFqLwEqeKYY2a5E0Q88wyTW,화공생명공학과,화공생명공학전공,AAEgg9xAPbUzkzqGsSdbE/vh,KOR,석·박사통합과정,2019,1R,19890113,2020,2R,4.06,6,,47,32.5,,0,1,0,0,0,0,0,0,0,0,1,0,0,1,0,0,0,0,0,0,1,1,0,1,9
64,64,64,3982,AAEwxSFWidVHne2/ghjmREl6,화공생명공학과,화공생명공학전공,AAHbfpe13iYQFP6H7+l+dBws,KOR,석·박사통합과정,2019,2R,19920702,2020,2R,4.22,7,97275000,60,29.8,,0,1,0,0,0,0,0,0,0,0,1,0,0,1,0,0,1,0,0,0,0,1,1,0,9
65,65,65,4078,AAG7Z5gwNskCB2seAvlpz0+1,의과학과,의생명과학전공,AAECkFEW1bn7g7Zyi3Fd6NZR,KOR,석·박사통합과정,2018,1R,19910816,2020,1R,4.06,6,67412000,40.3,40.3,,0,0,0,0,0,0,1,0,0,0,0,0,1,0,1,0,1,0,0,0,0,1,0,1,10
66,66,66,4129,AAHqriYFMmB171ZA69aVnoog,보건과학과,보건정책관리학전공,AAEnLqXeRnW3tLCq0vD3V6Tj,KOR,석·박사통합과정,2018,2R,19870329,2020,1R,4.35,6,60508880,39.8,45.1,,0,0,0,1,0,0,0,0,0,0,0,0,1,1,0,0,1,0,0,0,0,1,0,1,9
67,67,67,4167,AAGg0Dc3vX2PGsKOLp5/7GPw,바이오융합공학과,바이오융합공학전공,AAFwssCfN/7xYPC55pzhqS6B,IDN,석·박사통합과정,2019,1R,19880911,2020,1R,4.17,7,50560000,93,,,0,0,0,1,0,0,0,0,0,0,1,0,0,0,1,1,0,0,0,0,0,1,0,1,9
68,68,68,4168,AAGY0c/cTtPt5Dik05X3hVB6,바이오융합공학과,바이오융합공학전공,AAFwssCfN/7xYPC55pzhqS6B,PAK,석·박사통합과정,2019,1R,19910325,2020,1R,4.03,7,51600000,92,,,0,0,0,1,0,0,0,0,0,0,1,0,0,1,0,1,0,0,0,0,0,1,0,1,9
69,69,69,4169,AAF4NNTwZB40GeSI+gh5yhJz,전기전자공학과,반도체 및 나노전공,AAFAdiRzimzpkLB6/eFLLRaK,KOR,석·박사통합과정,2018,2R,19920113,2020,1R,4.31,6,3700000,46,47,,0,1,0,0,0,0,0,0,0,0,1,0,0,1,0,0,1,0,0,0,0,1,1,0,9
70,70,70,4256,AAFoj6HPl6RQNm7xJ6CMFnVw,화공생명공학과,화공생명공학전공,AAHInk8/FePfBTaicVyxuepA,KOR,석·박사통합과정,2018,1R,19901115,2021,1R,4.14,6,76237277,52,39.5,,0,1,0,0,0,0,0,0,0,0,1,0,0,1,0,0,1,0,0,0,0,1,1,0,12
71,71,71,4257,AAGYglbhaL8khGm5koBVpC6U,화공생명공학과,화공생명공학전공,AAFT5aAQWoSTjHQ9sbU7sw8f,KOR,석·박사통합과정,2018,1R,19920731,2021,1R,4.27,6,165845000,60,37.5,,0,1,0,0,0,0,0,0,0,0,1,0,0,1,0,0,1,0,0,0,0,1,1,0,12
72,72,72,4269,AAH0cambjVyOn9yPQzT1K+Re,기계공학과,기계공학전공,AAFj8wKRZTXkoQ3FcBubZYe+,KOR,석·박사통합과정,2018,1R,19870929,2021,1R,4.08,6,101840800,46,46,,0,1,0,0,0,0,0,0,0,0,1,0,0,0,1,0,1,0,0,0,0,1,0,1,12
73,73,73,4273,AAFRDuYJ6xtPZLfKujDlDiNE,신소재공학과,신소재공학전공,AAGTszpzFC5e3mUi28BQAvQQ,KOR,석·박사통합과정,2019,1R,19880416,2021,1R,4.14,6,136000000,48,31,,0,1,0,0,0,0,0,0,0,0,1,0,0,1,0,0,1,0,0,0,0,1,1,0,10
74,74,74,4280,AAE5PONwLJE9FFptV75rBo0L,신소재공학과,신소재공학전공,AAGTszpzFC5e3mUi28BQAvQQ,KOR,석·박사통합과정,2018,1R,19900515,2021,1R,4.17,6,166919785,50,32,,0,1,0,0,0,0,0,0,0,0,1,0,0,1,0,0,1,0,0,0,0,1,1,0,12
75,75,75,4284,AAG7nJvyBdDDtGOUvlR19gfQ,전기전자공학과,반도체 및 나노전공,AAFAdiRzimzpkLB6/eFLLRaK,KOR,석·박사통합과정,2020,1R,19920404,2021,1R,4.42,6,68848000,40.7,41.5,,0,1,0,0,0,0,0,0,0,0,1,0,0,1,0,0,1,0,0,0,0,1,0,1,8
76,76,76,4288,AAHUpNWcjOVHKVTdJLNUwX37,산업경영공학과,산업경영공학전공,AAEYVfsfVhIHnbTEKHsFv2Gf,KOR,석·박사통합과정,2018,2R,19921010,2021,1R,4.17,7,40503000,42,48.33,,0,1,0,0,0,0,0,0,0,0,1,0,0,1,0,0,1,0,0,0,0,1,1,0,12
77,77,77,4289,AAF8qJxPJu8SmCdqU07ufGsy,산업경영공학과,산업경영공학전공,AAFD3xbYP2/G9DXqA0Ck4KRi,KOR,석·박사통합과정,2018,1R,19930228,2021,1R,4.28,6,141182407,42.33,46,,0,1,0,0,0,0,0,0,0,0,1,0,0,1,0,0,1,0,0,0,0,1,1,0,12
78,78,78,4291,AAE++89Z+OcpUq2/TF6CMVw/,전기전자공학과,반도체 및 나노전공,AAFAdiRzimzpkLB6/eFLLRaK,KOR,석·박사통합과정,2019,2R,19890803,2021,1R,4.31,6,58155000,45.3,45.2,,0,1,0,0,0,0,0,0,0,0,1,0,0,0,1,0,1,0,0,0,0,1,0,1,9
79,79,79,4320,AAFZuBS6PQCE8/1KPrA+HOyw,건축사회환경공학과,사회인프라전공,AAEP/2yd50S/t/rqhY+2hT05,ETH,석·박사통합과정,2019,1R,19900609,2021,1R,3.95,8,57297902,98,,,0,1,0,0,0,0,0,0,0,0,1,0,0,0,1,1,0,0,0,0,0,1,0,1,12
80,80,80,4326,AAEyPIi24R5WwxeeFj+HAZPi,바이오융합공학과,바이오융합공학전공,AAHhdPIxdgBwEFlrbYKdCKX7,KOR,석·박사통합과정,2018,1R,19920709,2021,1R,4.27,6,11840000,53.3,39.3,,0,0,0,1,0,0,0,0,0,0,1,0,0,0,1,0,1,0,0,0,0,1,1,0,12
81,81,81,4327,AAEV2CWoYbdfUktYezc7mRBx,바이오융합공학과,바이오융합공학전공,AAG2To4SsGD0FGigabbDbxR3,KOR,석·박사통합과정,2018,1R,19920430,2021,1R,4.32,6,115350000,53.67,37.33,,0,0,0,1,0,0,0,0,0,0,1,0,0,0,1,0,1,0,0,0,0,1,1,0,12
82,82,82,4334,AAGd2dYR4zH50jBdjOaKlh/P,심리학과,행동인지신경과학전공,AAFJ+eOrfwyg9h5DzuILZ5h5,KOR,석·박사통합과정,2019,2R,19880831,2021,1R,4.44,6,59960000,39.5,59,,0,0,0,0,0,1,0,0,0,0,0,1,0,0,1,0,1,0,0,0,0,1,0,1,9
83,83,83,4347,AAEreVdnffN0X69AgSAFuoFy,기계공학과,기계공학전공,AAHnXim9e1JoSxJhPUZ6r+Y+,KOR,석·박사통합과정,2019,2R,19911012,2021,1R,4.28,9,207823424,45.5,45.5,,0,1,0,0,0,0,0,0,0,0,1,0,0,1,0,0,1,0,0,0,0,1,1,0,12
84,84,84,4366,AAHBh9HU7lq7A6oGEDOPPyDv,의생명융합과학과,식품영양과학전공,AAHOgh7Z0ib2HpfnDBf/HS+s,KOR,석·박사통합과정,2020,1R,19860618,2021,1R,4.13,7,,37,50,,0,0,0,1,0,0,0,0,0,0,0,0,1,0,1,0,1,0,0,0,0,1,1,0,9
85,85,85,4388,AAEGrI0Ia3AjGJFwJMNdszpm,법학과,상법전공,AAEtbrM8IuGtJu3wy0M3smco,KOR,석·박사통합과정,2018,1R,19851102,2021,1R,4.47,6,,38,57.96,,0,0,1,0,0,0,0,0,0,0,0,1,0,1,0,0,1,0,0,0,0,1,1,0,12
86,86,86,4410,AAEEDWd2yffydURLA7vpwUBX,신소재공학과,신소재공학전공,AAEQeczXMHprDJeLute9KZ4D,KOR,석·박사통합과정,2021,1R,19730101,2021,1R,4.32,6,,34,54,,0,1,0,0,0,0,0,0,0,0,1,0,0,1,0,0,1,0,0,0,0,1,0,1,6
87,87,87,4445,AAG3zdaJV5LMCT2AANZIoD9L,컴퓨터학과,소프트웨어전공,AAHlCxUQwggid/3SmpgwUN2W,KOR,석·박사통합과정,2019,1R,19940218,2021,1R,4.27,6,130093800,47,48,,0,0,0,0,0,0,0,0,0,1,1,0,0,1,0,0,1,0,0,0,0,1,1,0,10
88,88,88,4450,AAG4NTrbBvner+gpaek+lM23,컴퓨터학과,소프트웨어전공,AAHKtQp9UqNotTTkQaYe8qw+,KOR,석·박사통합과정,2019,1R,19890910,2021,1R,4.18,6,128200000,46,46.6,,0,0,0,0,0,0,0,0,0,1,1,0,0,1,0,0,1,0,0,0,0,1,0,1,10
89,89,89,4480,AAH6OFGldKj/Rigi22/YLXlU,보건과학과,보건생명·식품과학전공,AAF2FpVkk86q3NGJmNozjxAL,KOR,석·박사통합과정,2019,2R,19940110,2021,1R,4.44,6,86256940,48,48,,0,0,0,1,0,0,0,0,0,0,0,0,1,0,1,0,1,0,0,0,0,1,1,0,9
90,90,90,4481,AAHLuEnEaRTAHcX1ZOnSVSS0,기계공학과,기계공학전공,AAGMlJxfOORPzbzO8WPFu09N,KOR,석·박사통합과정,2020,1R,19820126,2021,1R,4.31,6,,44.5,44.5,,0,1,0,0,0,0,0,0,0,0,1,0,0,1,0,0,1,0,0,0,0,1,0,1,8
91,91,91,4484,AAFZioPztHufLIvR3tyS+F3y,보건과학과,환경보건학전공,AAH6VQBZM1Bq1OyB+t5qOfTm,KOR,석·박사통합과정,2019,2R,19880328,2021,1R,4.39,6,507600,46,46,,0,0,0,1,0,0,0,0,0,0,0,0,1,0,1,0,1,0,0,0,0,1,1,0,9
92,92,92,4490,AAEt/dsOXJNhqhzIEuAhOyWe,바이오마이크로시스템기술협동과정,바이오마이크로시스템기술전공,AAEjhMsY958qKCUYKbgm7g0N,KOR,석·박사통합과정,2019,1R,19900218,2021,1R,3.75,8,,55,38.67,,0,1,0,0,0,0,0,0,0,0,1,0,0,1,0,0,0,0,0,0,1,1,0,1,12
93,93,93,4517,AAEws6ml69K9XpKTQOfhaLLC,수학과,확률론전공,AAGaN6h5zHGpFj81Q6wrB+TK,KOR,석·박사통합과정,2018,1R,19900212,2021,1R,4.5,6,98729140,48,45,,0,0,0,0,0,0,0,1,0,0,0,0,1,1,0,0,1,0,0,0,0,1,1,0,12
94,94,94,4518,AAH+5RSFCo0GEPWAllX2LH6G,수학과,확률론전공,AAGaN6h5zHGpFj81Q6wrB+TK,KOR,석·박사통합과정,2018,1R,19910113,2021,1R,4.47,6,101329140,30,60,,0,0,0,0,0,0,0,1,0,0,0,0,1,1,0,0,1,0,0,0,0,1,1,0,12
95,95,95,4526,AAE/KVCGEztWytdWnkGl4mMc,화학과,유기화학전공,AAHoKX9pkxpJ3RC1knPkTDFM,KOR,석·박사통합과정,2018,2R,19900207,2021,1R,4,7,126282000,35,41,,0,0,0,0,0,0,0,1,0,0,0,0,1,1,0,0,1,0,0,0,0,1,0,1,12
96,96,96,4539,AAEnYlEsa6uAk0unnY6C3TxI,전기전자공학과,신호 및 멀티미디어전공,AAGioczb0MZcdiThVufZfhjq,KOR,석·박사통합과정,2018,1R,19920201,2021,1R,4.47,6,161595472,45.5,41.8,,0,1,0,0,0,0,0,0,0,0,1,0,0,1,0,0,1,0,0,0,0,1,1,0,12
97,97,97,4548,AAG/n1vRdVtqStyI3CbCpwqt,전기전자공학과,반도체 및 나노전공,AAFAdiRzimzpkLB6/eFLLRaK,KOR,석·박사통합과정,2018,1R,19900216,2021,1R,4.15,6,,48.1,47.2,,0,1,0,0,0,0,0,0,0,0,1,0,0,1,0,0,0,0,0,0,1,1,0,1,12
98,98,98,4550,AAHyOEaCWV3zzkOSXhAkGMy5,IT융합학과,IT융합전공,AAE9GAgYnBT76ywUf8EXt/Yl,KOR,석·박사통합과정,2018,1R,19890909,2021,1R,4.08,6,75311502,46.33,43.33,,0,1,0,0,0,0,0,0,0,0,1,0,0,1,0,0,0,1,0,0,0,1,1,0,12
99,99,99,4586,AAFl6XbybJZFGMHrYLmbPHIO,의생명융합과학과,임상병리학전공,AAEFJQZqu9AJyflAngTj9nxs,KOR,석·박사통합과정,2019,1R,19920810,2021,1R,4.38,6,20960000,40,50,,0,0,0,1,0,0,0,0,0,0,0,0,1,0,1,0,1,0,0,0,0,1,1,0,10
100,100,100,4587,AAEoaI41bB7Dgh12/BhEDs0A,보건과학과,보건생명·식품과학전공,AAF2FpVkk86q3NGJmNozjxAL,KOR,석·박사통합과정,2019,2R,19921028,2021,1R,4.39,7,79190000,45,48,,0,0,0,1,0,0,0,0,0,0,0,0,1,0,1,0,1,0,0,0,0,1,1,0,10
101,101,101,4589,AAEdQg9WnJtF7ux6DJXAAQO7,건축사회환경공학과,물과 환경전공,AAGf8vYauYE4gGkoGe41B95E,KOR,석·박사통합과정,2019,1R,19921227,2021,1R,4.34,6,103324370,48,46.67,,0,1,0,0,0,0,0,0,0,0,1,0,0,1,0,0,1,0,0,0,0,1,1,0,10
102,102,102,4591,AAHQYfVY4ejhZCNhbjqAKayM,보건과학과,치의기공학전공,AAGC3gcuN8Uq3ar2WyQ3GHyR,KOR,석·박사통합과정,2021,1R,19910908,2021,1R,4.26,6,24300000,48.5,48,,0,0,0,1,0,0,0,0,0,0,0,0,1,1,0,0,1,0,0,0,0,1,0,1,6
103,103,103,4592,AAGTbYYjt9L8Vw5DaLa1tx/5,보건과학과,치의기공학전공,AAGC3gcuN8Uq3ar2WyQ3GHyR,KOR,석·박사통합과정,2021,1R,19910908,2021,1R,4.26,6,28500000,49,48,,0,0,0,1,0,0,0,0,0,0,0,0,1,1,0,0,1,0,0,0,0,1,0,1,6
104,104,104,4596,AAFj72rBxPHaWbHCNseE8gJG,전기전자공학과,통신 및 네트워크전공,AAEDRkBX7/Ql8YY92VjxsLch,KOR,석·박사통합과정,2018,2R,19900719,2021,1R,4.39,7,119833667,47.3,45.8,,0,1,0,0,0,0,0,0,0,0,1,0,0,1,0,0,1,0,0,0,0,1,1,0,12
105,105,105,4598,AAG5hOGd0nKGz5UDAMhJXlCk,전기전자공학과,통신 및 네트워크전공,AAEssPEiUNe/wYugrxd+fnX2,KOR,석·박사통합과정,2018,2R,19930228,2021,1R,4.5,7,132624602,47.4,44.9,,0,1,0,0,0,0,0,0,0,0,1,0,0,1,0,0,1,0,0,0,0,1,1,0,12
106,106,106,4602,AAGOSfhQxN1AwzCT3j+v1i2Z,전기전자공학과,통신 및 네트워크전공,AAG3Do5GFC741fyNHG0xL5GU,KOR,석·박사통합과정,2018,1R,19901205,2021,1R,4.14,6,149018645,40.3,42.4,,0,1,0,0,0,0,0,0,0,0,1,0,0,1,0,0,1,0,0,0,0,1,1,0,12
107,107,107,4627,AAHK0vbjDjJvS8+GOdBbDFPB,법학과,상법전공,AAGy0qCzwwAtJbn7rcwu3s9c,KOR,석·박사통합과정,2020,1R,19700901,2021,1R,4.44,6,,40,47.2,,0,0,1,0,0,0,0,0,0,0,0,1,0,1,0,0,1,0,0,0,0,1,0,1,8
108,108,108,4634,AAGqEQNZQ0twxga8KRU/BN6z,건축사회환경공학과,물과 환경전공,AAGopWa0c7/Rh6S3QHrGGKvP,KOR,석·박사통합과정,2019,2R,19930512,2021,1R,4.29,6,118960000,47,47,,0,1,0,0,0,0,0,0,0,0,1,0,0,1,0,0,1,0,0,0,0,1,1,0,9
109,109,109,4642,AAFsBPR5+VyavOaYtlvDKJZz,보건과학과,환경보건학전공,AAGOovrVcNz2VQ60TLb+twag,KOR,석·박사통합과정,2018,1R,19910113,2021,1R,4.32,6,156921457,42.4,40,,0,0,0,1,0,0,0,0,0,0,0,0,1,0,1,0,1,0,0,0,0,1,0,1,12
110,110,110,4656,AAEEFo0aBG/N4Im6KcwZfznv,영상정보처리협동과정,영상정보처리전공,AAGioczb0MZcdiThVufZfhjq,KOR,석·박사통합과정,2019,1R,19891226,2021,1R,4.17,7,132944472,46,44.67,,0,0,0,0,0,0,0,0,0,1,1,0,0,1,0,0,1,0,0,0,0,1,0,1,11
111,111,111,4678,AAHvXBJrJnz3r5xwX0icppsW,화학과,분석화학전공,AAF7f0+Jymm6S48M6Du03fzp,KOR,석·박사통합과정,2020,1R,19931026,2021,1R,3.81,8,86710000,41,35.5,,0,0,0,0,0,0,0,1,0,0,0,0,1,0,1,0,1,0,0,0,0,1,0,1,10
112,112,112,4680,AAGP9NDaWjB+VFo5oOb7Pcs5,화학과,유기화학전공,AAGo9rBbww79qUMN3dh1Tg2K,KOR,석·박사통합과정,2020,1R,19920811,2021,1R,3.75,8,102492000,42,46,,0,0,0,0,0,0,0,1,0,0,0,0,1,0,1,0,1,0,0,0,0,1,0,1,10
113,113,113,4681,AAHGiVUD/ZfjQDedGmTP1Qvx,화학과,물리화학전공,AAGqVxHdMTtss9SruRc6GCfG,KOR,석·박사통합과정,2020,1R,19880414,2021,1R,3.78,8,66762000,40,40,,0,0,0,0,0,0,0,1,0,0,0,0,1,1,0,0,1,0,0,0,0,1,0,1,10
114,114,114,4695,AAEYBpJC90Bzy/0BW/lUk9G3,전기전자공학과,신호 및 멀티미디어전공,AAFptwmanjlLzXaPDP6w+HhG,KOR,석·박사통합과정,2018,1R,19920707,2021,1R,4.44,6,72345000,43.1,42.8,,0,1,0,0,0,0,0,0,0,0,1,0,0,1,0,0,1,0,0,0,0,1,1,0,12
115,115,115,4696,AAEaNLQQoDNRfJfsayQwsTz3,전기전자공학과,컴퓨터공학전공,AAGeqJDzBjy+KGfL5UY+9TIp,KOR,석·박사통합과정,2018,1R,19890110,2021,1R,4.11,6,175180031,36.7,38.8,,0,1,0,0,0,0,0,0,0,0,1,0,0,1,0,0,1,0,0,0,0,1,0,1,12
116,116,116,4697,AAHZhFCQGBgeDT1/ErUwORA2,전기전자공학과,컴퓨터공학전공,AAG1z8MOPsG4V/wTjh0NmDLJ,KOR,석·박사통합과정,2018,1R,19921029,2021,1R,4.22,6,133667812,46.3,43.5,,0,1,0,0,0,0,0,0,0,0,1,0,0,1,0,0,1,0,0,0,0,1,1,0,12
117,117,117,4721,AAGhQRjHARc1w4+F8TN9BLjk,화학과,고분자화학전공,AAFXijirLbUuH9BgHv7mX6Kt,KOR,석·박사통합과정,2020,1R,19930104,2021,1R,3.97,8,95280000,48,47.5,,0,0,0,0,0,0,0,1,0,0,0,0,1,0,1,0,1,0,0,0,0,1,0,1,10
118,118,118,4736,AAGjVzgNQSNQI4HSptGUFqjD,신소재공학과,신소재공학전공,AAFiFnbgowp64/vIKAkflPLV,KOR,석·박사통합과정,2018,1R,19900418,2021,1R,4.25,6,110250000,44,27,,0,1,0,0,0,0,0,0,0,0,1,0,0,1,0,0,1,0,0,0,0,1,0,1,12
119,119,119,4740,AAEgg17iJuyEEWVtmCC2mhfj,신소재공학과,신소재공학전공,AAHMngiUwqKD8mqXyCpl4RdA,KOR,석·박사통합과정,2018,2R,19901213,2021,1R,4.22,6,,57,37,,0,1,0,0,0,0,0,0,0,0,1,0,0,1,0,0,0,0,0,0,1,1,0,1,11
120,120,120,4741,AAHeRIeoNVafHt8JoKPLype7,신소재공학과,신소재공학전공,AAG/JVT6xluE6DbNm+mre8iq,KOR,석·박사통합과정,2018,2R,19920424,2021,1R,4.33,6,111163390,57,39,,0,1,0,0,0,0,0,0,0,0,1,0,0,1,0,0,1,0,0,0,0,1,1,0,11
121,121,121,4754,AAEe2vQ08DGC3TuSOsbw9jvi,신소재공학과,신소재공학전공,AAHMngiUwqKD8mqXyCpl4RdA,KOR,석·박사통합과정,2018,1R,19900102,2021,1R,4.11,6,28170000,48,28,,0,1,0,0,0,0,0,0,0,0,1,0,0,1,0,0,1,0,0,0,0,1,0,1,12
122,122,122,4789,AAG/M5D6LaIctjtJ+rhHBMwk,생명공학과,의약나노바이오시스템전공,AAGu6sAepK2H5xXyzu22Hr5B,KOR,석·박사통합과정,2018,2R,19910703,2021,1R,4.15,6,70440000,47,42.7,,0,0,0,0,1,0,0,0,0,0,0,0,1,0,1,0,1,0,0,0,0,1,0,1,11
123,123,123,4790,AAEl+mXNJeSZqawzedZGcTnP,생명공학과,시스템식품생명공학전공,AAFdqdv6Bx+KGXpXW57QqirL,MEX,석·박사통합과정,2018,2R,19890425,2021,1R,4.24,7,69570322,95.4,,,0,0,0,0,1,0,0,0,0,0,0,0,1,0,1,1,0,0,0,0,0,1,0,1,12
124,124,124,4845,AAGRugkJS4sl+mKV4oGH0ZA/,보건과학과,환경보건학전공,AAHq1aLSiveQarv1QuOmgge9,KOR,석·박사통합과정,2020,2R,19930220,2021,1R,4.3,7,97450229,47,45,,0,0,0,1,0,0,0,0,0,0,0,0,1,1,0,0,1,0,0,0,0,1,1,0,8
125,125,125,4847,AAEjk1y8nqToX9B82syOJqcA,환경생태공학과,생물재료공학전공,AAEWb5FJaLn9xPgDGlnbLYjD,KOR,석·박사통합과정,2019,1R,19900112,2021,1R,4.15,7,114160000,49.67,49,,0,0,0,0,1,0,0,0,0,0,0,0,1,1,0,0,1,0,0,0,0,1,0,1,11
126,126,126,4872,AAHEE8ecDL+5wavajEgrlbax,건축사회환경공학과,기후 및 에너지공학전공,AAF3gwz/EroDu8ymIDNVRNmZ,KOR,석·박사통합과정,2018,1R,19890502,2021,1R,4.26,6,123823160,45.33,44,,0,1,0,0,0,0,0,0,0,0,1,0,0,1,0,0,1,0,0,0,0,1,0,1,12
127,127,127,4873,AAHJDHtwjmwy7vK1OvO156Kk,의과학과,의생명과학전공,AAHSlraR81FHv/BgcvEks/wi,KOR,석·박사통합과정,2018,1R,19900619,2021,1R,4.22,6,123898870,38.66,39,,0,0,0,0,0,0,1,0,0,0,0,0,1,0,1,0,1,0,0,0,0,1,0,1,12
128,128,128,4880,AAEftl4dGTjHYc8SB3nTAQml,화공생명공학과,화공생명공학전공,AAE/vvg7RqvrU/xhKeyCSz8z,KOR,석·박사통합과정,2018,1R,19921216,2021,1R,4.24,6,124658118,51,36.5,,0,1,0,0,0,0,0,0,0,0,1,0,0,0,1,0,1,0,0,0,0,1,1,0,12
129,129,129,4885,AAEjZpTjEev6Qn9Nvl+Xwro9,화공생명공학과,화공생명공학전공,AAHInk8/FePfBTaicVyxuepA,KOR,석·박사통합과정,2018,1R,19910212,2021,1R,4.2,6,81634560,54,39.5,,0,1,0,0,0,0,0,0,0,0,1,0,0,1,0,0,1,0,0,0,0,1,1,0,12
130,130,130,4903,AAEA2FEfC8bqWoHLiMucPIdN,환경생태공학과,수질및토양환경전공,AAEudxuVx5bQUcFs5ape70OW,KOR,석·박사통합과정,2018,2R,19901225,2021,1R,4.33,7,83258021,47,47.33,,0,0,0,0,1,0,0,0,0,0,0,0,1,1,0,0,1,0,0,0,0,1,1,0,12
131,131,131,5037,AAEX2zRy0rMsKLjhGcCzk+VW,바이오융합공학과,바이오융합공학전공,AAF3N46eGMaBTxkN+oTmpoMp,KOR,석·박사통합과정,2018,2R,19910413,2021,1R,4.11,6,107942000,45,45,,0,0,0,1,0,0,0,0,0,0,1,0,0,1,0,0,1,0,0,0,0,1,1,0,11
132,132,132,5039,AAETHnzyjBDi9e/3n5ASa39S,전기전자공학과,반도체 및 나노전공,AAFukyr7xBbs8UJxDmTihFIk,KOR,석·박사통합과정,2018,2R,19901001,2021,1R,4.39,6,,49.2,48.3,,0,1,0,0,0,0,0,0,0,0,1,0,0,1,0,0,0,0,0,0,1,1,0,1,11
133,133,133,5105,AAHMvcunZzTxl/1t9MRspbK0,화공생명공학과,화공생명공학전공,AAFusQhKNZAOH5aykCeK8qQL,KOR,석·박사통합과정,2021,1R,19950921,2021,2R,4.5,6,50330000,54.5,38.25,,0,1,0,0,0,0,0,0,0,0,1,0,0,1,0,0,1,0,0,0,0,1,1,0,7
134,134,134,5110,AAFjOIrPZS5YbWQV9KMg0SAv,화학과,유기화학전공,AAHoKX9pkxpJ3RC1knPkTDFM,KOR,석·박사통합과정,2019,1R,19931201,2021,2R,4.34,6,110300000,48,35,,0,0,0,0,0,0,0,1,0,0,0,0,1,1,0,0,1,0,0,0,0,1,0,1,11
135,135,135,5111,AAGCl7UztZ7Nh0n8uQlUEwL8,신소재공학과,신소재공학전공,AAFiFnbgowp64/vIKAkflPLV,KOR,석·박사통합과정,2018,1R,19930208,2021,2R,4.25,6,129770968,57,40,,0,1,0,0,0,0,0,0,0,0,1,0,0,1,0,0,1,0,0,0,0,1,1,0,13
136,136,136,5114,AAG2R/8ZINtjO1IucDdff0KQ,신소재공학과,신소재공학전공,AAFiFnbgowp64/vIKAkflPLV,KOR,석·박사통합과정,2018,1R,19911130,2021,2R,4.39,6,122989299,52,33,,0,1,0,0,0,0,0,0,0,0,1,0,0,1,0,0,1,0,0,0,0,1,1,0,13
137,137,137,5119,AAG2sqljL5j2txCOas4LWOSF,환경생태공학과,환경계획및조경학전공,AAGOspWKpjwv00sPBrh+ZRe+,KOR,석·박사통합과정,2020,1R,19910402,2021,2R,4.08,6,105438005,44.67,46.33,,0,0,0,0,1,0,0,0,0,0,0,0,1,1,0,0,1,0,0,0,0,1,1,0,9
138,138,138,5120,AAHL/o6WLSgmzbC0U2XnUAMb,뇌공학과,뇌공학전공,AAFXDlCEmJaJSYNPVqccDMZx,KOR,석·박사통합과정,2018,1R,19900512,2021,2R,4.21,6,299786475,43,44,,0,0,0,0,0,0,0,0,0,1,1,0,0,1,0,0,1,0,0,0,0,1,0,1,13
139,139,139,5122,AAHvdBpneDzwGRk6QrO/GEt0,전기전자공학과,통신 및 네트워크전공,AAEDRkBX7/Ql8YY92VjxsLch,KOR,석·박사통합과정,2018,1R,19910524,2021,2R,4.36,6,126887000,42.6,41.8,,0,1,0,0,0,0,0,0,0,0,1,0,0,1,0,0,1,0,0,0,0,1,1,0,13
140,140,140,5124,AAH9pXoWbrH9IrX/2yiWYcvM,법학과,상법전공,AAGy0qCzwwAtJbn7rcwu3s9c,KOR,석·박사통합과정,2020,1R,19650810,2021,2R,4.36,7,,40,43.3,,0,0,1,0,0,0,0,0,0,0,0,1,0,1,0,0,1,0,0,0,0,1,0,1,10
141,141,141,5133,AAGINNU26dpFfhV0Xu3JbI8Z,신소재공학과,신소재공학전공,AAHVMQxXZzh89KjrTenp6nPf,KOR,석·박사통합과정,2021,1R,19931025,2021,2R,3.69,8,,56,32,,0,1,0,0,0,0,0,0,0,0,1,0,0,0,1,0,1,0,0,0,0,1,0,1,9
142,142,142,5135,AAFRCq3ST3jhWIR9hE8RzQM8,컴퓨터학과,컴퓨터교육전공,AAG7NvMi4LDLMT/URLwSoU1A,KOR,석·박사통합과정,2020,1R,19850409,2021,2R,4.08,6,22000000,48.3,48.3,,0,0,0,0,0,0,0,0,0,1,1,0,0,1,0,0,1,0,0,0,0,1,0,1,9
143,143,143,5169,AAEds1PVbkkh3QeeDa+L3tjD,컴퓨터학과,소프트웨어전공,AAFhFZgfCHdQkb82RLLU/geO,KOR,석·박사통합과정,2018,2R,19900820,2021,2R,4.36,6,170000000,49,49,,0,0,0,0,0,0,0,0,0,1,1,0,0,0,1,0,1,0,0,0,0,1,0,1,12
144,144,144,5171,AAGWrRAofZ6jPVReHurDpR0J,화공생명공학과,화공생명공학전공,AAFusQhKNZAOH5aykCeK8qQL,KOR,석·박사통합과정,2018,2R,19920719,2021,2R,4.33,6,88502800,57.67,34.33,,0,1,0,0,0,0,0,0,0,0,1,0,0,0,1,0,1,0,0,0,0,1,0,1,12
145,145,145,5172,AAHtwHQbLcbPgFPkQWYLTi+b,화공생명공학과,화공생명공학전공,AAG3UgRiZnI8ns5BXTcxNxGC,KOR,석·박사통합과정,2018,2R,19910219,2021,2R,4.14,6,102018580,56.67,37.33,,0,1,0,0,0,0,0,0,0,0,1,0,0,1,0,0,1,0,0,0,0,1,0,1,12
146,146,146,5173,AAEOdhNIHWn8RSBuZ7NuiW4W,화공생명공학과,화공생명공학전공,AAHgUVNRwv/2JnLflHfEFa8n,KOR,석·박사통합과정,2018,2R,19890923,2021,2R,4.13,6,129045566,54.33,33.67,,0,1,0,0,0,0,0,0,0,0,1,0,0,1,0,0,1,0,0,0,0,1,0,1,12
147,147,147,5174,AAEeLzOwBngVYjv5c0gLLuBv,화공생명공학과,화공생명공학전공,AAGG7IhUZDZBJWEpoDSv+a2p,KOR,석·박사통합과정,2018,1R,19921117,2021,2R,4.17,6,150005448,50,39.5,,0,1,0,0,0,0,0,0,0,0,1,0,0,1,0,0,1,0,0,0,0,1,1,0,13
148,148,148,5175,AAH3mmq1JNIwbP21OGLQ/4r2,화공생명공학과,화공생명공학전공,AAHgUVNRwv/2JnLflHfEFa8n,KOR,석·박사통합과정,2018,1R,19890918,2021,2R,4.04,6,64912500,50,31.5,,0,1,0,0,0,0,0,0,0,0,1,0,0,1,0,0,1,0,0,0,0,1,0,1,13
149,149,149,5176,AAHASANEpgDSyziT0dBDmf3Z,화공생명공학과,화공생명공학전공,AAEgg9xAPbUzkzqGsSdbE/vh,KOR,석·박사통합과정,2018,1R,19901218,2021,2R,4.23,6,134265000,40,38.5,,0,1,0,0,0,0,0,0,0,0,1,0,0,1,0,0,1,0,0,0,0,1,1,0,13
150,150,150,5177,AAFFzuEcbSkUCA0J6nTDkyJu,화공생명공학과,화공생명공학전공,AAEgg9xAPbUzkzqGsSdbE/vh,KOR,석·박사통합과정,2018,1R,19920911,2021,2R,4.33,6,137635000,57,39.5,,0,1,0,0,0,0,0,0,0,0,1,0,0,1,0,0,1,0,0,0,0,1,1,0,13
151,151,151,5178,AAHEqgqk8Q8fiqmsTA7BXISC,화공생명공학과,화공생명공학전공,AAGaCMeTjNaKuSWvzyinL5sl,KOR,석·박사통합과정,2018,1R,19911224,2021,2R,4.43,6,156648286,50,36.5,,0,1,0,0,0,0,0,0,0,0,1,0,0,1,0,0,1,0,0,0,0,1,1,0,13
152,152,152,5184,AAF/alpBv6zvKWfRCRaxruTn,생명과학과,분자생물학전공,AAE/8JlgUig1ptLW4mromlar,KOR,석·박사통합과정,2018,1R,19900705,2021,2R,4.16,6,91598000,46,47,,0,0,0,0,1,0,0,0,0,0,0,0,1,1,0,0,1,0,0,0,0,1,0,1,13
153,153,153,5196,AAEgZ/1AdpeKbpSNfZF6/AmI,신소재공학과,신소재공학전공,AAFiFnbgowp64/vIKAkflPLV,KOR,석·박사통합과정,2019,1R,19911017,2021,2R,4.13,7,197891165,57,40,,0,1,0,0,0,0,0,0,0,0,1,0,0,0,1,0,1,0,0,0,0,1,1,0,12
154,154,154,5198,AAHUyKJ5e5zYkV9UUvN/pQYp,환경생태공학과,수질및토양환경전공,AAEQRK01cpypBZKmzeaZ/Ayl,KOR,석·박사통합과정,2018,2R,19860314,2021,2R,4.14,6,100364000,49,49,,0,0,0,0,1,0,0,0,0,0,0,0,1,1,0,0,1,0,0,0,0,1,0,1,12
155,155,155,5200,AAH8nywB0sCviHb+B2c9RZAz,환경생태공학과,수질및토양환경전공,AAEQRK01cpypBZKmzeaZ/Ayl,KOR,석·박사통합과정,2018,2R,19900729,2021,2R,4.18,6,137474000,47,47,,0,0,0,0,1,0,0,0,0,0,0,0,1,0,1,0,1,0,0,0,0,1,0,1,12
156,156,156,5201,AAGIcbzEZr9Qxzohh08z0keQ,화공생명공학과,화공생명공학전공,AAHgUVNRwv/2JnLflHfEFa8n,KOR,석·박사통합과정,2018,2R,19920911,2021,2R,4.34,6,102907168,55.67,34.33,,0,1,0,0,0,0,0,0,0,0,1,0,0,1,0,0,1,0,0,0,0,1,1,0,12
157,157,157,5208,AAGEDvnZy4hfHJLPCCwizArX,산업경영공학과,산업경영공학전공,AAGtJM3euCvvqb5hTFq1uzz2,KOR,석·박사통합과정,2019,1R,19911124,2021,2R,4.37,6,56200000,40,46,,0,1,0,0,0,0,0,0,0,0,1,0,0,1,0,0,1,0,0,0,0,1,0,1,11
158,158,158,5233,AAEg0YGDQctjTQREkjmuJZaI,물리학과,양자광학전공,AAEVfpRfGLiK/c12ougxtvee,KOR,석·박사통합과정,2019,1R,19910211,2021,2R,4.28,8,121416000,38.2,50,,0,0,0,0,0,0,0,1,0,0,0,0,1,1,0,0,1,0,0,0,0,1,1,0,13
159,159,159,5234,AAESbzmb0oPJ1aMofd7GQEgZ,물리학과,양자광학전공,AAEVfpRfGLiK/c12ougxtvee,KOR,석·박사통합과정,2019,1R,19920730,2021,2R,4.39,8,122350000,38,60,,0,0,0,0,0,0,0,1,0,0,0,0,1,1,0,0,1,0,0,0,0,1,1,0,13
160,160,160,5235,AAEz+K566cMa8j4D0zzP6cZL,물리학과,고체물리학전공,AAHNywZa5KuyqeHEowWtm9cL,KOR,석·박사통합과정,2019,1R,19880309,2021,2R,3.75,8,93500000,38.5,58,,0,0,0,0,0,0,0,1,0,0,0,0,1,1,0,0,1,0,0,0,0,1,0,1,13
161,161,161,5237,AAEBO3kHJ6kx/szY7HXHp+rX,화학과,유기화학전공,AAFB7thmJVqSI92XpAo42Phl,KOR,석·박사통합과정,2018,2R,19940218,2021,2R,4.24,7,72410000,35,42,,0,0,0,0,0,0,0,1,0,0,0,0,1,1,0,0,1,0,0,0,0,1,1,0,13
162,162,162,5265,AAHTOufEir0mLzaWMedFQFU0,의과학과,의생명과학전공,AAHxQ1hQVwWlLXTencZd1BX0,KOR,석·박사통합과정,2019,1R,19901111,2021,2R,4.14,6,84200000,35.7,37,,0,0,0,0,0,0,1,0,0,0,0,0,1,1,0,0,1,0,0,0,0,1,0,1,11
163,163,163,5271,AAGzwYQ37yKN+07nl0sh9sh7,경영학과,회계학전공,AAFUskYfXs18x56mDz1cSsZn,KOR,석·박사통합과정,2019,2R,19850909,2021,2R,4.39,7,15600000,38.8,56,,1,0,0,0,0,0,0,0,0,0,0,1,0,1,0,0,1,0,0,0,0,1,1,0,11
164,164,164,5277,AAG24YwTUc3DuTvV3HN7i6c2,화학과,고분자화학전공,AAF0qXezmiAbARO18bGcQ7bI,KOR,석·박사통합과정,2020,1R,19881125,2021,2R,3.84,8,132016000,46,48.5,,0,0,0,0,0,0,0,1,0,0,0,0,1,1,0,0,1,0,0,0,0,1,1,0,11
165,165,165,5284,AAHaxeFLaCJqAlvn5ns7G1gE,의과학과,의생명과학전공,AAG3qKWSE1FFL5Z5/gHBKI/5,KOR,석·박사통합과정,2018,1R,19881113,2021,2R,4.33,6,88040000,38.6,42.3,,0,0,0,0,0,0,1,0,0,0,0,0,1,1,0,0,1,0,0,0,0,1,0,1,13
166,166,166,5285,AAGl5S3WLlH76LMW2h5YMCke,의과학과,의생명과학전공,AAHzpx1p8EfDMr+T62A8GHGA,KOR,석·박사통합과정,2018,1R,19910927,2021,2R,4.14,6,57900000,41,39.3,,0,0,0,0,0,0,1,0,0,0,0,0,1,0,1,0,1,0,0,0,0,1,0,1,13
167,167,167,5300,AAEWDibFZ80LAUD/22WzNct5,의과학과,의생명과학전공,AAHDSMD+yP/Lx/iQ/sK7JN3a,CHN,석·박사통합과정,2019,1R,19910428,2021,2R,4.08,6,85900000,85,,,0,0,0,0,0,0,1,0,0,0,0,0,1,0,1,1,0,0,0,0,0,1,0,1,11
168,168,168,5306,AAE13fsGwmtNEZMsFWehLpWN,뇌공학과,뇌공학전공,AAFLXiapCRRbBvxf4mUmKRYR,KOR,석·박사통합과정,2019,2R,19920320,2021,2R,4.35,6,118275218,50,46,,0,0,0,0,0,0,0,0,0,1,1,0,0,0,1,0,1,0,0,0,0,1,0,1,10
169,169,169,5309,AAE1HqqmBgydPKT05qnKYMU5,컴퓨터학과,소프트웨어전공,AAGoCHZwiePFcGa9VMEqyZO9,KOR,석·박사통합과정,2019,1R,19931222,2021,2R,4.44,6,94033939,49,49,,0,0,0,0,0,0,0,0,0,1,1,0,0,1,0,0,1,0,0,0,0,1,1,0,11
170,170,170,5318,AAFd/V1lAp1V6t7Z0Nxi1BD5,물리학과,비선형동력학 및 생물물리학전공,AAF5cLSeFPDQKyLoD6YCm1zg,KOR,석·박사통합과정,2019,2R,19920403,2021,2R,4.05,7,102463230,40,50,,0,0,0,0,0,0,0,1,0,0,0,0,1,1,0,0,1,0,0,0,0,1,1,0,11
171,171,171,5323,AAHycUCXtFSb1/2tlJWUNLwx,화학과,유기화학전공,AAGo9rBbww79qUMN3dh1Tg2K,KOR,석·박사통합과정,2020,1R,19920629,2021,2R,3.68,8,100062000,38,41.5,,0,0,0,0,0,0,0,1,0,0,0,0,1,0,1,0,1,0,0,0,0,1,0,1,11
172,172,172,5324,AAF6Vn82/6CafE7aj7evipSh,생명공학과,분자생체공학전공,AAG4SpLeg0KMYB0wAsJNR1ow,KOR,석·박사통합과정,2018,1R,19891014,2021,2R,4.37,6,36640000,48,46.9,,0,0,0,0,1,0,0,0,0,0,0,0,1,1,0,0,1,0,0,0,0,1,1,0,13
173,173,173,5330,AAFANaz4EEk0m49RbB+WY5AN,건축사회환경공학과,사회인프라전공,AAGrzQY08cilgBg2Vakpt/nx,KOR,석·박사통합과정,2018,1R,19920202,2021,2R,4.05,6,183911348,47,45.67,,0,1,0,0,0,0,0,0,0,0,1,0,0,1,0,0,1,0,0,0,0,1,1,0,13
174,174,174,5331,AAHH+IEVwxomDbKvVZVDv9NR,건축사회환경공학과,사회인프라전공,AAHc+0P1uuuM9uwKFqwm5JxB,KOR,석·박사통합과정,2018,1R,19921231,2021,2R,4.37,6,192235000,45,41.33,,0,1,0,0,0,0,0,0,0,0,1,0,0,1,0,0,1,0,0,0,0,1,1,0,13
175,175,175,5333,AAGrNObw6MtwEXWbeFCBRNoJ,전기전자공학과,반도체 및 나노전공,AAFAdiRzimzpkLB6/eFLLRaK,KOR,석·박사통합과정,2020,1R,19960130,2021,2R,4.36,6,81600200,48.3,48.6,,0,1,0,0,0,0,0,0,0,0,1,0,0,1,0,0,1,0,0,0,0,1,1,0,9
176,176,176,5338,AAH4BSIZBP/vAgkL+MqvTIHx,식물생명공학과,식물 유전 공학 전공,AAGxQXkQ58ix3nRr8wBfpEFD,VNM,석·박사통합과정,2019,2R,19930417,2021,2R,4.5,6,71620000,98,,,0,0,0,0,1,0,0,0,0,0,0,0,1,0,1,1,0,0,0,0,0,1,0,1,10
177,177,177,5339,AAGWsD8Y81VDoHkY3Y1507m/,식물생명공학과,식물 유전 공학 전공,AAGxQXkQ58ix3nRr8wBfpEFD,VNM,석·박사통합과정,2019,2R,19930414,2021,2R,4.5,6,61490000,99,,,0,0,0,0,1,0,0,0,0,0,0,0,1,1,0,1,0,0,0,0,0,1,0,1,10
178,178,178,5356,AAH8RkVQl97awW9RQkppIaPN,의과학과,의생명과학전공,AAFZN7QRRXoGyvP+pJZuQhuw,KOR,석·박사통합과정,2020,2R,19920603,2021,2R,4.14,6,36800000,37,38.67,,0,0,0,0,0,0,1,0,0,0,0,0,1,0,1,0,1,0,0,0,0,1,0,1,8
179,179,179,5357,AAE1WKJAkFOYBBwoBdxEuKXw,보건과학과,환경보건학전공,AAGOovrVcNz2VQ60TLb+twag,KOR,석·박사통합과정,2018,1R,19870803,2021,2R,4.14,6,170631586,41.3,40.3,,0,0,0,1,0,0,0,0,0,0,0,0,1,1,0,0,1,0,0,0,0,1,0,1,13
180,180,180,5369,AAFHBDv5pTkMBOaGEgOZO80d,산업경영공학과,산업경영공학전공,AAF5ukSjmVhKqW326vTF81ef,KOR,석·박사통합과정,2019,2R,19910928,2021,2R,4.14,6,76334676,40.33,41.67,,0,1,0,0,0,0,0,0,0,0,1,0,0,1,0,0,1,0,0,0,0,1,0,1,10
181,181,181,5373,AAEqyX0CrFXWwEu3KcWbOoUo,전기전자공학과,통신 및 네트워크전공,AAEssPEiUNe/wYugrxd+fnX2,KOR,석·박사통합과정,2019,1R,19911201,2021,2R,4.17,6,135890407,39.3,38.2,,0,1,0,0,0,0,0,0,0,0,1,0,0,1,0,0,1,0,0,0,0,1,1,0,11
182,182,182,5383,AAF/wlrjPitSoDkBHcKJXSD5,의생명융합과학과,임상병리학전공,AAHWkyOWoBDEBjZH1TNXQnXj,KOR,석·박사통합과정,2019,2R,19930215,2021,2R,4.11,6,7500000,37,48,,0,0,0,1,0,0,0,0,0,0,0,0,1,0,1,0,0,0,0,0,1,1,0,1,10
183,183,183,5384,AAF8P6pedx6PvcMsFC6w6dM6,바이오융합공학과,바이오융합공학전공,AAFs9+l6a/a8qr925OtyHe9U,KOR,석·박사통합과정,2019,2R,19930510,2021,2R,4.05,6,102568000,46,41,,0,0,0,1,0,0,0,0,0,0,1,0,0,0,1,0,1,0,0,0,0,1,1,0,10
184,184,184,5385,AAGA/rH260HMRqDTz+4sSNz8,컴퓨터학과,소프트웨어전공,AAFhFZgfCHdQkb82RLLU/geO,KOR,석·박사통합과정,2019,2R,19880222,2021,2R,4.39,6,129930000,49.4,48.6,,0,0,0,0,0,0,0,0,0,1,1,0,0,1,0,0,1,0,0,0,0,1,0,1,10
185,185,185,5416,AAEBDkczcDsa4Lera/BgIKCz,법학과,지적재산권법전공,AAGxdRvbQkm+4SDTFodzGz3y,KOR,석·박사통합과정,2021,1R,19711125,2021,2R,4.5,6,,33.1,55,,0,0,1,0,0,0,0,0,0,0,0,1,0,1,0,0,1,0,0,0,0,1,1,0,7
186,186,186,5417,AAHxxwqJcdryk8VeKdG+Vauu,생명과학과,생화학전공,AAFCs6risgpKldWv4DMEijrV,KOR,석·박사통합과정,2019,1R,19921003,2021,2R,4.31,6,61990000,49,47.8,,0,0,0,0,1,0,0,0,0,0,0,0,1,0,1,0,1,0,0,0,0,1,1,0,11
187,187,187,5419,AAGXI90OCBVd0zEtCjPHYkrF,신소재공학과,신소재공학전공,AAFrKRhc4pBNk+lwpuzAzJxf,KOR,석·박사통합과정,2019,2R,19910930,2021,2R,4.22,6,114666000,58,37,,0,1,0,0,0,0,0,0,0,0,1,0,0,1,0,0,1,0,0,0,0,1,1,0,10
188,188,188,5420,AAFfAaecte53tg8tLAIGhQkd,신소재공학과,신소재공학전공,AAG/JVT6xluE6DbNm+mre8iq,KOR,석·박사통합과정,2019,1R,19900801,2021,2R,4.18,6,87655000,53,34,,0,1,0,0,0,0,0,0,0,0,1,0,0,1,0,0,1,0,0,0,0,1,1,0,11
189,189,189,5436,AAGiVTRMlx5iPG1sKIHij/sL,의과학과,의생명과학전공,AAFNsWx/tG20MskixpMFJzte,KOR,석·박사통합과정,2018,2R,19900521,2021,2R,4.19,6,132700000,45.7,47,,0,0,0,0,0,0,1,0,0,0,0,0,1,0,1,0,1,0,0,0,0,1,0,1,12
190,190,190,5437,AAHx/Of3A2hlmZwdh8vR7Ifg,의과학과,의생명과학전공,AAGoJfVvGfNEJItB01cbjNOs,KOR,석·박사통합과정,2018,2R,19890731,2021,2R,4,6,116400000,46.7,45.3,,0,0,0,0,0,0,1,0,0,0,0,0,1,0,1,0,1,0,0,0,0,1,0,1,12
191,191,191,5438,AAHMl4gG13b7uplXTMw+CIJn,의과학과,의생명과학전공,AAE8l4A/Yi6tn50GJ0JwUvik,NPL,석·박사통합과정,2018,2R,19910111,2021,2R,4.31,6,108000000,95,,,0,0,0,0,0,0,1,0,0,0,0,0,1,0,1,1,0,0,0,0,0,1,0,1,12
192,192,192,5456,AAEsECbwpi+INupmZ8eJeKiC,신소재공학과,신소재공학전공,AAE4RWtRb5Aywzq18+9py2WY,KOR,석·박사통합과정,2018,2R,19920430,2021,2R,4.14,6,95420000,59,40,,0,1,0,0,0,0,0,0,0,0,1,0,0,0,1,0,1,0,0,0,0,1,0,1,12
193,193,193,5459,AAHIh3wpbue1KCJcKUwt7CTL,통계학과,수리통계학전공,AAFByAeboAfDls9tYCKfCcfP,KOR,석·박사통합과정,2020,2R,19900923,2021,2R,4.39,7,49790000,46,46.3,,0,0,0,0,0,0,0,0,1,0,0,1,0,1,0,0,1,0,0,0,0,1,1,0,9
194,194,194,5468,AAEbrWe2ggd60Pp9Oibob+8/,환경생태공학과,생물재료공학전공,AAEiUBHWTaydfuUlbPpdXZPj,KOR,석·박사통합과정,2019,1R,19931027,2021,2R,4.38,6,144000465,48,48.67,,0,0,0,0,1,0,0,0,0,0,0,0,1,1,0,0,1,0,0,0,0,1,1,0,11
195,195,195,5491,AAEn+M/kKNqtW6ru9vuhITKv,마이크로/나노시스템협동과정,마이크로/나노시스템협동과정전공,AAFj8wKRZTXkoQ3FcBubZYe+,KOR,석·박사통합과정,2018,1R,19881101,2021,2R,4.06,6,101615000,43,45,,0,1,0,0,0,0,0,0,0,0,1,0,0,0,1,0,1,0,0,0,0,1,0,1,13
196,196,196,5510,AAFlUSjzpQ04dUXdqqfSfrBi,생명공학과,분자생체공학전공,AAGHKhtTRVM2izkG1lKId0XM,KOR,석·박사통합과정,2020,1R,19940706,2021,2R,4.43,6,112970000,42,47.6,,0,0,0,0,1,0,0,0,0,0,0,0,1,0,1,0,1,0,0,0,0,1,1,0,9
197,197,197,5519,AAGeKweYchptOlofKGfz4qZA,의과학과,의생명과학전공,AAHxQ1hQVwWlLXTencZd1BX0,CHN,석·박사통합과정,2019,2R,19920105,2021,2R,4.11,6,93500000,85,,,0,0,0,0,0,0,1,0,0,0,0,0,1,0,1,1,0,0,0,0,0,1,0,1,10
198,198,198,5537,AAGZCUkzXrcWvF+zyA0aexoX,기계공학과,기계공학전공,AAGMb99a8ba3R0Wqe3C95yqe,KOR,석·박사통합과정,2018,1R,19900314,2021,2R,4.33,6,178480511,49.5,49.5,,0,1,0,0,0,0,0,0,0,0,1,0,0,1,0,0,1,0,0,0,0,1,1,0,13
199,199,199,5540,AAGOo0g0uyiPs2QAOOKcsWTj,화공생명공학과,화공생명공학전공,AAEgg9xAPbUzkzqGsSdbE/vh,KOR,석·박사통합과정,2019,1R,19930405,2021,2R,4.21,6,125583043,60,37.1,,0,1,0,0,0,0,0,0,0,0,1,0,0,1,0,0,1,0,0,0,0,1,1,0,11
200,200,200,5571,AAG/y18WS4SwKmWB+MsWSLYa,컴퓨터·전파통신공학과,전파통신공학전공,AAGx+syfEJz2i7IEqqI92pvU,KOR,석·박사통합과정,2019,1R,19910713,2021,2R,4.39,6,72170000,44,44,,0,0,0,0,0,0,0,0,0,1,1,0,0,1,0,0,1,0,0,0,0,1,1,0,11
